"Status","Exposure.Location","Street","Suburb","Date","Arrival.Time","Departure.Time","Contact","lat","lon","doubles","moved"
"","Campbell Primary School (Construction Site only)","25 Chauvel Street","Campbell","16/10/2021 - Saturday","6:30am","12:30pm","Close",-35.289871,149.156357,"",FALSE
"","Kippax Uniting Community Centre (foyer only)","Corner Luke Street and Hardwick Crescent","Holt","15/10/2021 - Friday","10:55am","12:00pm","Casual",-35.2229223,149.0185341,"",FALSE
"","Campbell Primary School (Construction Site only)","25 Chauvel Street","Campbell","15/10/2021 - Friday","6:30am","3:00pm","Close",-35.289871,149.156307,"",FALSE
"New","HealthFount Medical Centre","5 Macquarie Place","Macquarie","15/10/2021 - Friday","9:25am","11:15am","Casual",-35.2482747,149.0599429,"<strong/>!Location has more than<br> one entry. Zoom in and search table!</strong/>",TRUE
"New","HealthFount Medical Centre","5 Macquarie Place","Macquarie","15/10/2021 - Friday","3:20pm","4:20pm","Casual",-35.2482747,149.0598929,"<strong/>!Location has more than<br> one entry. Zoom in and search table!</strong/>",TRUE
"","Narrabundah Early Childhood School (Grass Parrot Room and Kangaroo Room only)","23-27 Kootara Crescent","Narrabundah","14/10/2021 - Thursday","9:00am","3:30pm","Close",-35.3287917,149.1509132,"<strong/>!Location has more than<br> one entry. Zoom in and search table!</strong/>",TRUE
"","Campbell Primary School (Construction Site only)","25 Chauvel Street","Campbell","14/10/2021 - Thursday","6:30am","5:30pm","Close",-35.289871,149.156257,"",FALSE
"","Kingston Foreshore Medical Centre","147/39 Eastlake Parade","Kingston","13/10/2021 - Wednesday","10:25am","11:20am","Casual",-35.3130966,149.1466272,"",FALSE
"","Narrabundah Early Childhood School (Grass Parrot Room and Kangaroo Room only)","23-27 Kootara Crescent","Narrabundah","13/10/2021 - Wednesday","9:00am","3:30pm","Close",-35.3287917,149.1508632,"<strong/>!Location has more than<br> one entry. Zoom in and search table!</strong/>",TRUE
"","Campbell Primary School (Construction Site only)","25 Chauvel Street","Campbell","13/10/2021 - Wednesday","6:30am","5:30pm","Close",-35.289871,149.156207,"",FALSE
"","Phillip Medical and Dental Centre","33 Colbee Court","Phillip","12/10/2021 - Tuesday","7:00am","7:50am","Casual",-35.351947,149.0897732,"",FALSE
"","Narrabundah Early Childhood School (Grass Parrot Room and Kangaroo Room only)","23-27 Kootara Crescent","Narrabundah","12/10/2021 - Tuesday","9:00am","3:30pm","Close",-35.3287917,149.1508632,"<strong/>!Location has more than<br> one entry. Zoom in and search table!</strong/>",TRUE
"","Campbell Primary School (Construction Site only)","25 Chauvel Street","Campbell","12/10/2021 - Tuesday","6:30am","5:30pm","Close",-35.289871,149.156157,"",FALSE
"","Narrabundah Early Childhood School (Grass Parrot Room and Kangaroo Room only)","23-27 Kootara Crescent","Narrabundah","11/10/2021 - Monday","9:00am","3:30pm","Close",-35.3287917,149.1508132,"<strong/>!Location has more than<br> one entry. Zoom in and search table!</strong/>",TRUE
"","Woolworths Majura Park","Majura Park Shopping Centre, 18/16 Spitfire Avenue","Canberra Airport","11/10/2021 - Monday","1:30pm","4:50pm","Casual",-35.3001906,149.1904008,"",FALSE
"","Belconnen Physiotherapy Clinic","1/20 Purdue Street","Belconnen","11/10/2021 - Monday","4:20pm","5:30pm","Casual",-35.238661,149.061821,"",FALSE
"","Campbell Primary School (Construction Site only)","25 Chauvel Street","Campbell","11/10/2021 - Monday","6:30am","5:30pm","Close",-35.289871,149.156107,"",FALSE
"","Friendly Grocer Hughes","16 Hughes Place","Hughes","10/10/2021 - Sunday","8:00am","12:30pm","Casual",-35.3335607,149.0937384,"",FALSE
"","Bus Route 4 Transport Canberra Code BUS646","Woden Interchange to Tuggeranong Interchange","Public Transport","09/10/2021 - Saturday","1:15pm","1:28pm","Casual",-35.3444429,149.0873192,"",FALSE
"","Bus Route 4 Transport Canberra Code BUS688","Tuggeranong Interchange to Woden Interchange","Public Transport","09/10/2021 - Saturday","11:59am","12:17pm","Casual",-35.414955,149.06613,"",FALSE
"","Bus Route 74 Transport Canberra Code BUS604","Richardson to Tuggeranong Interchange","Public Transport","09/10/2021 - Saturday","11:34am","11:47am","Casual",-35.414225,149.065303,"",FALSE
"","Bus Route 75 Transport Canberra Code BUS562","Tuggeranong Interchange to Richardson","Public Transport","09/10/2021 - Saturday","3:34pm","3:45pm","Casual",-35.414955,149.066105,"",FALSE
"","Coles Canberra Centre","Canberra Centre, 148 Bunda Street","Canberra City","09/10/2021 - Saturday","1:30pm","2:20pm","Casual",-35.2802271,149.1333059,"",FALSE
"","Friendly Grocer Narrabundah","6 Iluka Street","Narrabundah","09/10/2021 - Saturday","8:00am","5:30pm","Casual",-35.3326795,149.1540529,"",FALSE
"","Lazzari Bros' Espresso","3 Carleton Street","Kambah","09/10/2021 - Saturday","10:00am","4:30pm","Casual",-35.383194,149.050146,"",FALSE
"","Woolworths Gungahlin","Marketplace Gungahlin, 30 and 33 Hibberson Street","Gungahlin","09/10/2021 - Saturday","1:50pm","3:05pm","Casual",-35.1846599,149.1349762,"",FALSE
"","Pixie and Bear","1/15 Kingsland Parade","Casey","09/10/2021 - Saturday","9:30am","11:00am","Casual",-35.1743655,149.0953865,"",FALSE
"","Tuggeranong Discount Drug Store","17 Anketell Street","Greenway","09/10/2021 - Saturday","8:50am","7:30pm","Casual",-35.4168087,149.0679945,"",FALSE
"","Woolworths Dickson","1 Dickson Place","Dickson","09/10/2021 - Saturday","7:50am","8:40am","Casual",-35.249974,149.1386501,"",FALSE
"","7-Eleven Holt","88 Hardwick Crescent","Holt","09/10/2021 - Saturday","4:05pm","4:50pm","Casual",-35.2209147,149.0178943,"",FALSE
"","Canberra Airport Group East Gateway Project","27 Scherger Drive","Canberra Airport","08/10/2021 - Friday","7:00am","8:00am","Casual",-35.3061809,149.2042769,"",FALSE
"","Cincotta Discount Chemist Dickson","30-42 Dickson Place","Dickson","08/10/2021 - Friday","9:00am","12:00pm","Casual",-35.2505553,149.1396745,"",FALSE
"","Coles Chisholm","42 Halley Street","Chisholm","08/10/2021 - Friday","1:35pm","2:15pm","Casual",-35.4141067,149.1283169,"",FALSE
"","Craig Hall Bodyworks","46 Parramatta Street","Phillip","08/10/2021 - Friday","7:30am","5:30pm","Casual",-35.355663,149.0887103,"",FALSE
"","Friendly Grocer Narrabundah","6 Iluka Street","Narrabundah","08/10/2021 - Friday","8:00am","5:30pm","Casual",-35.3326795,149.1540029,"",FALSE
"","Gemini Mitchell","78 Grimwade Street","Mitchell","08/10/2021 - Friday","8:00am","6:30pm","Casual",-35.2191482,149.1373655,"",FALSE
"","Hearing Australia Braddon","4-5/74 Northbourne Avenue","Braddon","08/10/2021 - Friday","12:30pm","5:30pm","Casual",-35.275497,149.1305716,"",FALSE
"","Woolworths Gungahlin","Marketplace Gungahlin, 30 and 33 Hibberson Street","Gungahlin","08/10/2021 - Friday","5:00pm","5:50pm","Casual",-35.1846599,149.1349262,"",FALSE
"","Woolworths Woden","Westfield Woden, Keltie Street","Phillip","08/10/2021 - Friday","12:00am","12:30am","Casual",-35.345964,149.084759,"",FALSE
"","Tuggeranong Discount Drug Store","17 Anketell Street","Greenway","08/10/2021 - Friday","8:20am","5:00pm","Casual",-35.4168087,149.0679445,"",FALSE
"","Bus Route 75 Transport Canberra Code BUS648","Erindale Interchange to Tuggeranong Interchange","Public Transport","08/10/2021 - Friday","6:49pm","7:01pm","Casual",-35.2809368,149.1300592,"",FALSE
"","Bus Route 76 Transport Canberra Code BUS600","Chisholm Shops to Erindale Interchange","Public Transport","08/10/2021 - Friday","4:12pm","4:26pm","Casual",-35.3444429,149.0872692,"",FALSE
"","Bus Route 76 Transport Canberra Code BUS638","Tuggeranong Interchange to Chisholm Shops","Public Transport","08/10/2021 - Friday","2:19pm","2:36pm","Casual",-35.4138528,149.1286174,"",FALSE
"","Bus Route 81 Transport Canberra Code BUS489","Bonython to Tuggeranong Interchange","Public Transport","08/10/2021 - Friday","1:23pm","1:33pm","Casual",-35.2809368,149.1300092,"",FALSE
"","Bus Route 81 Transport Canberra Code BUS537","Tuggeranong Interchange to Bonython","Public Transport","08/10/2021 - Friday","7:07pm","7:14pm","Casual",-35.414955,149.066055,"",FALSE
"","Campbell Primary School (Construction Site only)","25 Chauvel Street","Campbell","08/10/2021 - Friday","6:30am","3:00pm","Close",-35.289871,149.156057,"",FALSE
"","ALDI Conder","9 Sidney Nolan Street","Conder","07/10/2021 - Thursday","6:45pm","8:00pm","Casual",-35.4565418,149.093456,"",FALSE
"","ALDI Majura Park","Majura Park Shopping Centre, 18-26 Spitfire Avenue","Canberra Airport","07/10/2021 - Thursday","7:20pm","8:25pm","Casual",-35.3001906,149.1903508,"",FALSE
"","Artemis Early Learning Centre","11 Cessnock Street","Fyshwick","07/10/2021 - Thursday","8:20am","4:50pm","Close",-35.3228274,149.172794,"",FALSE
"","Billini Shoes","Canberra Centre, 148 Bunda Street","Canberra City","07/10/2021 - Thursday","9:00am","5:30pm","Casual",-35.2802938,149.1332637,"",FALSE
"","Bus Route 5 Transport Canberra Code BUS550","Richardson to Woden Interchange","Public Transport","07/10/2021 - Thursday","1:01pm","1:17pm","Casual",-35.3444429,149.0872442,"",FALSE
"","Bus Route 78 Transport Canberra Code BUS649","Chisholm Shops to Richardson","Public Transport","07/10/2021 - Thursday","12:44pm","12:54pm","Casual",-35.4300126,149.1127863,"",FALSE
"","Canberra Airport Group East Gateway Project","27 Scherger Drive","Canberra Airport","07/10/2021 - Thursday","11:00am","2:00pm","Casual",-35.3061809,149.2042269,"",FALSE
"","Coles Canberra Centre","Canberra Centre, 148 Bunda Street","Canberra City","07/10/2021 - Thursday","1:45pm","2:40pm","Casual",-35.2802271,149.1333559,"",FALSE
"","Coles Kaleen","Plaza Shopping Centre, 1 Maribyrnong Avenue","Kaleen","07/10/2021 - Thursday","5:00pm","7:00pm","Casual",-35.2202787,149.1028228,"",FALSE
"","Costco Majura Park","39-41 Mustang Avenue","Canberra Airport","07/10/2021 - Thursday","7:55pm","8:30pm","Casual",-35.2972375,149.1905839,"",FALSE
"","Craig Hall Bodyworks","46 Parramatta Street","Phillip","07/10/2021 - Thursday","7:30am","5:30pm","Casual",-35.355663,149.0886603,"",FALSE
"","Friendly Grocer Hughes","16 Hughes Place","Hughes","07/10/2021 - Thursday","11:00am","1:30pm","Casual",-35.3335607,149.0938134,"",FALSE
"","Friendly Grocer Hughes","16 Hughes Place","Hughes","07/10/2021 - Thursday","3:00pm","4:00pm","Casual",-35.3335607,149.0937634,"",FALSE
"","Friendly Grocer Narrabundah","6 Iluka Street","Narrabundah","07/10/2021 - Thursday","8:00am","5:30pm","Casual",-35.3326795,149.1539529,"",FALSE
"","Hearing Australia Braddon","4-5/74 Northbourne Avenue","Braddon","07/10/2021 - Thursday","8:45am","5:30pm","Casual",-35.275497,149.1305216,"",FALSE
"","Woolworths Gungahlin","Marketplace Gungahlin, 30 and 33 Hibberson Street","Gungahlin","07/10/2021 - Thursday","8:50pm","10:10pm","Casual",-35.1846599,149.1348762,"",FALSE
"","Woolworths Woden","Westfield Woden, Keltie Street","Phillip","07/10/2021 - Thursday","4:35pm","11:59pm","Casual",-35.345964,149.084709,"",FALSE
"","Tuggeranong Discount Drug Store","17 Anketell Street","Greenway","07/10/2021 - Thursday","7:50am","3:30pm","Casual",-35.4168087,149.0678945,"",FALSE
"","ALDI Belconnen","Westfield Belconnen, Benjamin Way","Belconnen","06/10/2021 - Wednesday","9:35am","10:30am","Casual",-35.2380765,149.0650922,"",FALSE
"","ALDI Canberra Centre","Canberra Centre, 148 Bunda Street","Canberra City","06/10/2021 - Wednesday","6:30pm","7:30pm","Casual",-35.2802271,149.1332559,"",FALSE
"","Artemis Early Learning Centre","11 Cessnock Street","Fyshwick","06/10/2021 - Wednesday","8:20am","4:50pm","Close",-35.3228274,149.172744,"",FALSE
"","Australian Bureau of Statistics (floor 1 only)","40 Cameron Avenue","Belconnen","06/10/2021 - Wednesday","7:30am","4:00pm","Casual",-35.2414537,149.071289,"",FALSE
"","Billini Shoes","Canberra Centre, 148 Bunda Street","Canberra City","06/10/2021 - Wednesday","9:00am","5:30pm","Casual",-35.2802938,149.1332137,"",FALSE
"","Bus Route 44 Transport Canberra Code BUS450","Kippax Interchange to Belconnen Interchange","Public Transport","06/10/2021 - Wednesday","9:20am","9:49am","Casual",-35.22243,149.019502,"",FALSE
"","Bus Route 44 Transport Canberra Code BUS547","Belconnen Interchange to Kippax Interchange","Public Transport","06/10/2021 - Wednesday","8:25am","8:55am","Casual",-35.22243,149.019452,"",FALSE
"","Canberra Airport Group East Gateway Project","27 Scherger Drive","Canberra Airport","06/10/2021 - Wednesday","7:00am","2:00pm","Casual",-35.3061809,149.2041769,"",FALSE
"","Chatterbox Espresso Bar","40 Cameron Avenue","Belconnen","06/10/2021 - Wednesday","12:00pm","12:45pm","Casual",-35.2412975,149.071053,"",FALSE
"","Coles Amaroo","Horse Park Drive","Amaroo","06/10/2021 - Wednesday","11:00am","11:55am","Casual",-35.1646128,149.1319066,"",FALSE
"","Craig Hall Bodyworks","46 Parramatta Street","Phillip","06/10/2021 - Wednesday","7:30am","5:30pm","Casual",-35.355663,149.0886103,"",FALSE
"","Friendly Grocer Hughes","16 Hughes Place","Hughes","06/10/2021 - Wednesday","12:15pm","4:30pm","Casual",-35.3335607,149.0937134,"",FALSE
"","Friendly Grocer Narrabundah","6 Iluka Street","Narrabundah","06/10/2021 - Wednesday","10:30am","12:30pm","Casual",-35.3325783,149.1539984,"",FALSE
"","Gungahlin General Practice","10 Hinder Street","Gungahlin","06/10/2021 - Wednesday","5:55pm","7:15pm","Casual",-35.1854941,149.1370773,"",FALSE
"","Taylor Apartments Construction Site (Block A only)","78 Margules Crescent","Taylor","06/10/2021 - Wednesday","7:00am","3:30pm","Casual",-35.1512835,149.1081986,"",FALSE
"","Woolworths Erindale","Erindale Shopping Centre, 50-68 Comrie Street","Wanniassa","06/10/2021 - Wednesday","5:00am","3:15pm","Casual",-35.4035739,149.098752,"",FALSE
"","Woolworths Metro Cameron Avenue","1/6 Grazier Lane","Belconnen","06/10/2021 - Wednesday","7:00am","8:10am","Casual",-35.2401725,149.0720063,"",FALSE
"","Renaissance Apartments Construction Site (Morris Group Builders)","Light Street","Griffith","06/10/2021 - Wednesday","7:30am","3:30pm","Casual",-35.3079683,149.1364037,"",FALSE
